<?xml version="1.0" encoding="UTF-8"?>
<beans:beans xmlns:xsi="http://www.w3.org/2001/XMLSchema-instance"
    xmlns:beans="http://www.springframework.org/schema/beans"
    xmlns="http://www.springframework.org/schema/security"
    xsi:schemaLocation="
		http://www.springframework.org/schema/beans http://www.springframework.org/schema/beans/spring-beans-3.1.xsd
		http://www.springframework.org/schema/security http://www.springframework.org/schema/security/spring-security-3.1.xsd" >

    <beans:bean
        id="customUserDetailsService"
        class="com.dreeling.applications.travel.service.CustomUserDetailsService"
        scope="prototype" >
        <beans:property
            name="emf"
            ref="entityManagerFactory" />
    </beans:bean>

    <beans:bean
        id="customUserAuthenticationProvider"
        class="com.dreeling.applications.travel.security.providers.CustomUserAuthenticationProvider" >

        <beans:property
            name="userDetailsService"
            ref="customUserDetailsService" />
    </beans:bean>

    <http
        pattern="/resources/**"
        security="none" />

    <http
        access-denied-page="/errors/403"
        auto-config="true"
        use-expressions="true" >

        <intercept-url
            access="hasRole(&apos;ROLE_ADMIN&apos;)"
            pattern="/hotels/bookings/**" />

        <intercept-url
            access="isFullyAuthenticated()"
            pattern="/booking/**" />

        <intercept-url
            access="permitAll"
            pattern="/users/**" />

        <intercept-url
            access="permitAll"
            pattern="/hotels/**" />

        <form-login
            authentication-failure-url="/users/login?login_error=1"
            default-target-url="/hotels"
            login-page="/users/login"
            login-processing-url="/users/login/authenticate" />

        <logout
            logout-success-url="/users/logoutSuccess"
            logout-url="/users/logout" />
    </http>

    <authentication-manager>

        <authentication-provider ref="customUserAuthenticationProvider" />

        <authentication-provider>

            <jdbc-user-service
                authorities-by-username-query="
                    select c.username, ua.authority from CUSTOMER c, USERAUTHORITY ua 
                        where c.username = ua.user and c.username =?  "
                data-source-ref="dataSource"
                users-by-username-query="
                        select username,password, enabled 
                            from CUSTOMER where username=?" />
        </authentication-provider>

        <ldap-authentication-provider
            group-role-attribute="cn"
            group-search-base="ou=groups,ou=Travel"
            group-search-filter="member={0}"
            user-search-base="ou=people,ou=Travel"
            user-search-filter="(uid={0})" />
    </authentication-manager>

    <ldap-server
        id="server"
        manager-dn="uid=admin,ou=system"
        manager-password="secret"
        url="ldap://localhost:10389/dc=wit,dc=org" />

</beans:beans>