<?xml version="1.0" encoding="UTF-8"?>
<beans xmlns="http://www.springframework.org/schema/beans"
       xmlns:xsi="http://www.w3.org/2001/XMLSchema-instance"
       xmlns:context="http://www.springframework.org/schema/context"
       xmlns:aop="http://www.springframework.org/schema/aop"
        xmlns:util="http://www.springframework.org/schema/util"
       xsi:schemaLocation="
                  http://www.springframework.org/schema/beans http://www.springframework.org/schema/beans/spring-beans-2.5.xsd
                  http://www.springframework.org/schema/context http://www.springframework.org/schema/context/spring-context-2.5.xsd
                  http://www.springframework.org/schema/aop http://www.springframework.org/schema/aop/spring-aop-2.5.xsd
                  http://www.springframework.org/schema/util http://www.springframework.org/schema/util/spring-util-2.5.xsd">

<!-- =============================================================== -->

  	<context:annotation-config/>
	
  	<bean id="validation" class="doconnor.aop.aspects.Validation" />
	<!-- <bean id="security" class="doconnor.aop.aspects.Security"/> -->
  	
  	<bean id="messageSource" class="org.springframework.context.support.ReloadableResourceBundleMessageSource">
	    <property name="basenames">
	        <list>
	            <value>errors</value>
	        </list>
	    </property>
	</bean>

    <aop:aspectj-autoproxy />
 		
  	<context:component-scan base-package="doconnor.aop" />
  
</beans>
